{"data":
	[
					{
			"name": "compressedglowstone",
			"type": "rock",
			"shape": "normal",
			"hardness": 0.5,
			"resistance": 36.0,
			"harvestLevel": 3,
			"toolType": "pickaxe",
			"isOpaque": true,
			"lightLevel": 15,
			"maxStackSize": 64,
			"drops": []
		},
		{
			"name": "2xcompressedglowstone",
			"type": "rock",
			"shape": "normal",
			"hardness": 0.5,
			"resistance": 360.0,
			"harvestLevel": 3,
			"toolType": "pickaxe",
			"isOpaque": true,
			"lightLevel": 15,
			"maxStackSize": 64,
			"drops": []
		}
	]
}